Department,7/1/2024,7/8/2024,7/15/2024,7/22/2024,7/29/2024,8/5/2024,8/12/2024,8/19/2024,8/26/2024,9/2/2024,9/9/2024,9/16/2024,9/23/2024,10/21/2024,10/28/2024,11/4/2024,11/11/2024,11/18/2024,11/25/2024,12/2/2024,12/9/2024,12/16/2024,12/23/2024,12/30/2024,1/6/2025,1/13/2025,1/20/2025,1/27/2025,2/3/2025,2/10/2025,2/17/2025,2/24/2025,3/3/2025,3/10/2025,3/17/2025,3/24/2025,3/31/2025,4/7/2025,4/14/2025,4/21/2025,4/28/2025,5/5/2025,5/12/2025,5/19/2025,5/26/2025,6/2/2025,6/9/2025,6/16/2025,6/23/2025,6/30/2025,7/7/2025,7/21/2025,7/28/2025,8/4/2025,8/11/2025,8/18/2025,8/25/2025,9/1/2025,9/8/2025,9/15/2025,9/22/2025,9/29/2025,10/6/2025,10/13/2025,10/20/2025,10/27/2025
Accountancy,25,22,17,17,18,12,4,6,45,172,171,243,137,136,204,206,198,212,174,3,179,169,72,1,0,1,10,158,220,234,185,198,212,196,194,5,200,189,211,195,197,210,201,107,16,13,9,11,13,16,14,16,19,13,12,9,53,173,217,259,266,231,218,236,249,200
Advertising,4,1,4,2,2,0,3,2,36,88,180,190,156,164,257,235,251,243,224,5,246,145,43,2,2,1,2,109,144,184,260,257,300,274,253,1,219,247,276,232,209,208,155,66,6,4,3,2,3,0,3,5,1,2,1,3,41,148,172,229,304,278,290,320,270,282
Aerospace Engineering,12,13,7,10,5,5,5,7,59,90,103,104,53,70,102,100,98,110,79,2,87,72,58,2,1,2,2,51,97,103,82,90,107,95,77,2,89,91,93,93,105,251,98,72,10,7,7,10,4,7,11,20,8,3,6,3,103,133,120,146,180,193,183,186,116,104
African American Studies,1,0,0,0,0,0,0,1,2,1,1,2,0,1,0,1,1,1,2,0,1,0,0,0,0,0,0,1,1,0,3,3,0,1,1,0,2,2,2,4,6,1,5,1,1,0,0,0,0,0,0,0,0,0,0,0,0,0,1,1,2,0,0,1,3,3
Ag Ldrshp Educ Comm Program,1,1,3,1,1,1,1,1,4,5,11,14,4,13,20,14,14,10,17,2,11,7,2,0,2,1,2,17,15,18,18,17,20,19,10,1,7,14,9,18,6,9,8,4,0,1,0,1,1,1,3,4,1,0,1,0,7,4,3,12,5,7,7,9,3,6
Agr & Consumer Economics,5,6,4,3,3,1,2,5,26,80,79,96,47,62,97,90,105,91,76,2,87,84,37,3,3,1,5,57,89,80,74,78,96,89,106,4,87,85,76,93,99,97,96,52,6,5,4,5,2,4,3,4,4,0,1,3,45,106,122,140,134,126,118,123,126,111
"Agr, Consumer, & Env Sci Admn",0,0,1,0,0,0,0,0,12,15,14,21,12,18,27,20,24,27,23,1,22,23,6,0,0,0,2,10,14,14,8,11,14,16,15,0,14,19,18,16,18,16,10,8,1,0,0,0,0,1,0,0,0,0,1,0,16,29,22,25,24,24,19,25,18,20
"Agr, Consumer, & Env Sciences",0,0,0,0,0,0,0,0,5,4,5,4,3,3,5,5,4,5,4,1,4,3,2,0,0,0,0,2,5,3,2,5,4,5,5,0,2,4,6,5,4,3,3,2,1,0,0,0,0,0,0,0,0,0,0,1,0,1,0,2,2,0,3,2,0,0
Agricultural & Biological Engr,3,0,2,2,0,1,1,1,15,33,31,35,24,25,43,47,38,38,27,0,36,34,17,0,0,0,0,22,29,40,27,28,34,33,19,0,25,23,26,30,31,37,37,18,1,1,2,1,1,1,0,1,1,1,0,0,15,40,38,35,31,33,30,31,36,26
Animal Sciences,4,5,2,2,3,2,1,1,33,50,37,55,24,38,69,61,52,55,56,0,56,46,22,0,1,0,5,37,43,38,49,55,78,52,59,1,50,58,50,60,62,65,77,38,6,2,2,4,5,4,4,2,2,1,3,3,68,82,74,80,71,81,65,69,78,61
Anthropology,0,0,0,0,2,1,1,0,7,11,6,11,6,8,15,15,11,9,10,2,12,11,4,0,0,0,1,12,17,12,14,13,18,19,14,0,12,18,16,19,17,19,20,6,3,2,2,0,0,0,0,1,0,0,0,0,9,20,17,22,12,20,16,16,17,17
Applied Health Sci Courses,0,0,0,0,0,0,0,0,0,0,0,0,0,0,0,0,0,0,0,0,0,0,0,0,0,0,0,0,0,0,0,0,0,0,0,0,0,0,0,0,0,0,0,0,0,0,1,0,0,0,0,0,0,0,0,0,0,0,0,0,0,0,0,0,0,0
Applied Health Sciences Admin,0,0,0,0,0,0,0,0,2,3,2,1,1,0,2,2,4,2,2,0,2,3,0,0,0,0,0,3,2,2,1,2,2,4,2,0,2,1,3,3,3,3,1,0,0,0,0,0,0,0,0,0,0,0,0,0,4,4,3,6,4,3,2,6,2,6
Architecture,8,6,9,11,5,5,3,2,46,154,142,181,91,82,148,154,141,137,141,8,156,129,42,1,0,3,7,87,166,160,101,123,139,137,154,4,128,125,133,127,157,165,118,64,7,3,2,4,1,3,2,11,2,2,2,5,63,178,203,216,201,170,187,190,192,172
Art & Design,19,12,21,17,15,15,10,10,92,422,397,417,232,325,452,430,426,430,418,8,425,402,96,1,1,2,5,342,403,357,370,392,391,392,386,12,364,399,390,414,396,404,377,137,30,11,8,8,8,7,10,19,10,5,10,6,78,380,385,415,402,397,404,410,391,400
Asian American Studies,0,0,0,0,0,0,0,0,1,1,1,3,1,1,1,1,0,2,1,0,0,1,0,0,0,0,0,0,0,0,1,0,1,0,0,0,0,0,0,0,0,1,1,0,1,0,0,0,0,0,0,0,0,0,0,0,0,0,1,0,1,0,0,1,0,0
Astronomy,1,1,1,0,0,0,0,0,16,22,26,33,10,17,33,24,22,27,27,0,23,21,11,0,0,0,2,17,21,27,22,21,30,23,21,2,27,24,24,30,26,34,29,31,1,1,1,1,0,0,0,0,0,1,1,2,20,36,37,29,31,33,32,33,27,27
Biochemistry,3,7,1,0,3,2,1,2,23,38,25,55,25,27,54,40,42,46,37,1,37,38,23,0,0,0,2,24,32,40,25,43,37,32,32,1,29,31,40,27,35,31,35,20,5,4,11,7,2,4,3,6,5,2,3,2,33,52,79,63,56,47,58,48,50,43
Bioengineering,11,6,6,9,6,3,7,2,58,83,127,100,56,77,109,100,113,129,90,2,102,101,48,0,0,0,2,56,91,95,68,75,110,96,117,1,93,102,95,102,94,77,86,58,3,3,4,3,3,4,5,3,6,2,4,2,57,105,128,148,135,202,115,129,129,116
Business Administration,15,13,13,11,22,15,7,9,75,191,221,241,177,135,265,225,231,246,227,4,220,202,42,8,7,6,6,179,259,303,221,264,281,262,253,1,240,218,274,269,254,266,204,99,21,22,13,17,11,12,4,10,8,6,2,10,75,198,219,253,246,237,237,293,234,238
Carle Illinois COM Pgm & Crse,3,4,1,6,83,6,3,0,3,12,5,25,2,6,8,16,25,7,8,0,14,3,0,0,0,1,3,11,18,3,7,6,12,12,16,1,35,13,6,11,6,8,4,2,1,3,3,2,2,1,3,2,5,3,4,5,4,7,4,5,5,8,10,28,15,15
Cell & Developmental Biology,3,3,1,0,0,0,0,0,0,0,1,1,1,0,0,0,1,0,0,0,0,0,0,0,0,0,1,0,0,0,0,0,0,0,1,0,0,1,0,1,1,0,0,0,2,1,1,0,0,1,1,2,1,1,1,0,1,1,2,1,2,0,1,1,0,1
Center Innov in Teach Learn,3,5,6,6,2,4,1,3,3,6,1,4,1,2,4,4,1,4,4,0,3,2,1,0,0,0,3,1,3,3,1,2,4,2,2,2,2,2,3,3,3,2,2,3,1,2,0,1,0,2,2,0,1,0,0,0,0,0,0,0,0,0,0,0,0,0
Center for African Studies,0,0,0,1,1,0,1,0,0,0,1,0,0,0,0,0,0,0,0,0,0,0,0,0,0,0,0,0,0,0,0,0,0,0,0,0,0,0,0,0,2,0,0,0,0,0,0,0,0,0,0,0,0,0,0,0,0,0,0,0,0,0,1,0,0,0
Chemical & Biomolecular Engr,5,5,3,5,4,5,0,5,35,57,61,64,31,35,56,70,51,57,54,2,58,55,42,0,0,0,1,40,61,58,57,59,61,64,59,0,47,53,51,64,65,61,71,44,5,6,4,3,4,1,4,4,4,0,1,2,56,84,83,78,91,106,80,98,85,72
Chemistry,5,7,6,6,4,1,2,12,35,53,47,74,21,37,69,75,62,51,56,1,45,59,37,1,2,2,3,35,42,51,46,42,67,44,54,1,43,52,58,55,60,59,64,43,10,4,10,9,2,5,3,7,1,5,7,6,46,66,69,70,47,61,65,75,69,52
Civil & Environmental Eng,6,8,5,7,4,2,5,5,68,99,128,126,55,80,110,121,103,127,109,2,69,92,56,2,0,3,3,58,94,100,70,81,110,107,100,1,98,120,100,99,122,102,108,85,16,2,6,8,3,7,7,4,8,5,5,5,80,126,114,135,115,146,108,130,121,126
Classics,1,0,0,0,0,0,0,0,1,1,2,1,1,1,3,2,1,2,3,0,0,3,0,0,0,0,0,3,1,2,2,0,3,1,1,0,0,1,0,2,1,3,2,0,0,0,0,0,0,0,0,1,0,0,0,0,0,5,3,4,3,2,4,3,5,3
Climate Meteorology & Atm Sci,0,2,2,1,1,0,1,0,7,4,9,6,1,4,7,12,9,9,5,1,8,4,2,0,0,0,0,3,5,6,4,8,5,5,7,0,4,3,2,3,7,4,9,4,2,2,4,1,0,0,4,1,0,2,1,0,4,10,7,7,9,9,8,10,3,9
College of Business,11,3,2,4,1,1,1,2,134,224,221,285,236,205,318,276,269,309,300,0,280,239,100,2,2,1,5,172,216,278,209,230,221,227,235,1,223,249,233,224,234,228,244,98,0,0,2,1,5,3,1,3,3,1,2,2,187,324,310,378,346,332,312,350,336,331
College of Media Admin,0,0,0,0,0,0,0,0,2,2,1,4,1,1,7,5,4,4,3,0,3,2,0,0,0,0,0,2,2,4,3,5,6,5,5,0,4,5,3,3,4,3,2,1,0,0,0,0,0,0,0,0,0,0,0,0,1,1,0,2,5,3,3,3,2,1
Communication,7,2,3,4,3,1,1,2,23,50,65,67,33,47,74,61,66,66,59,0,76,54,16,0,2,0,1,37,56,77,66,69,79,65,78,1,67,71,86,68,83,84,69,29,2,4,3,3,4,1,4,2,1,0,1,2,21,58,63,82,75,77,71,84,72,68
Comparative & World Literature,0,0,0,0,0,0,0,0,0,2,2,2,1,0,0,0,0,0,0,0,1,0,0,0,0,0,0,1,3,2,2,3,2,1,2,0,0,2,5,2,1,3,3,0,0,0,0,0,0,0,0,0,0,0,0,1,2,2,2,3,1,1,2,2,3,2
Comparative Biosciences,0,1,0,0,0,0,0,0,0,1,1,0,0,1,1,2,1,3,0,0,1,0,1,0,0,0,1,0,1,1,0,1,1,1,1,0,0,1,3,1,0,2,1,0,0,0,0,0,0,0,0,0,0,0,0,0,0,0,0,0,0,1,0,1,1,0
Crop Sciences,5,1,3,4,4,5,2,3,10,19,16,17,5,11,20,18,15,19,16,2,25,17,6,0,0,2,2,10,12,18,14,14,15,9,13,4,15,13,15,16,16,12,30,4,2,3,4,7,1,2,2,2,4,4,3,2,12,14,15,19,16,19,19,17,16,17
Curriculum and Instruction,11,8,9,7,5,9,7,7,39,141,116,146,62,103,156,148,136,128,137,0,126,109,23,0,0,2,9,77,106,101,80,89,117,101,88,2,86,84,78,93,79,91,90,33,10,3,4,3,4,10,5,7,4,4,4,1,72,176,157,204,167,187,162,177,180,148
Dance,0,0,0,0,0,0,0,1,5,0,5,5,3,4,4,5,2,5,2,0,3,5,0,0,0,0,0,3,4,5,5,5,3,1,5,0,3,7,5,4,5,6,9,4,1,2,1,0,1,0,0,0,0,1,0,0,4,3,4,5,3,1,3,2,3,0
Div Exploratory Studies Admin,0,0,0,0,0,0,0,0,0,0,0,0,0,0,0,0,0,0,0,0,0,0,0,0,0,0,0,0,0,0,0,0,0,0,0,0,0,0,0,0,0,0,0,0,0,0,0,0,0,0,0,0,1,5,1,4,177,358,337,368,339,347,319,334,340,328
Div General Studies Admin,8,5,5,10,3,5,3,5,136,240,260,311,159,229,334,346,302,288,280,2,282,251,104,2,5,7,10,171,235,246,216,254,287,238,259,2,231,240,269,249,280,263,239,111,4,1,1,0,6,5,2,2,0,0,0,0,0,0,0,0,0,0,0,0,0,0
E. Asian Languages & Cultures,0,0,0,0,0,0,0,0,2,3,4,4,2,2,2,4,4,9,8,1,2,4,0,0,0,1,1,4,5,4,4,5,5,6,6,1,5,7,5,4,6,4,6,2,1,1,1,0,1,0,0,0,0,0,0,0,1,2,5,5,4,6,6,6,3,6
Earth Sci & Environmental Chng,3,1,2,1,2,1,2,2,3,4,5,2,2,4,3,3,7,3,3,0,3,2,3,0,0,1,1,1,2,1,1,1,6,1,3,0,3,4,2,5,6,6,3,3,2,3,1,1,1,1,0,1,0,0,0,1,3,7,6,5,5,3,3,4,6,3
Economics,15,10,10,6,7,4,5,3,60,109,116,117,95,79,122,131,115,148,109,4,131,91,45,3,1,1,11,95,138,125,93,104,131,116,138,3,117,107,130,123,150,147,130,67,14,8,5,5,6,7,6,5,7,5,5,7,54,138,159,171,171,152,142,160,151,146
"Educ Policy, Orgzn & Leadrshp",4,2,4,4,2,3,3,4,7,17,7,12,7,6,9,7,13,9,8,0,10,12,3,0,0,0,2,5,8,9,3,7,15,12,16,3,6,3,12,14,13,5,13,8,1,4,5,4,2,3,3,4,5,1,3,9,14,14,14,13,12,14,18,8,8,13
Education Administration,0,1,0,0,0,0,0,0,1,3,5,4,2,6,6,6,10,9,6,1,5,5,3,0,0,0,0,8,6,4,6,6,7,7,6,0,4,7,11,6,8,7,9,1,0,0,0,0,0,0,0,0,0,0,0,0,1,6,3,8,7,9,7,7,5,5
Educational Psychology,2,1,1,0,2,0,0,1,2,5,6,5,0,5,7,11,5,6,6,1,6,9,2,0,0,0,0,2,2,4,5,3,3,14,5,0,2,6,4,5,0,3,3,3,0,2,5,1,0,0,0,1,1,0,0,3,3,6,6,6,5,7,4,9,5,3
Electrical & Computer Eng,26,19,11,25,15,9,14,11,129,276,280,276,126,150,242,215,206,250,176,3,166,174,95,4,0,1,13,110,161,189,145,172,221,153,180,8,193,196,177,182,202,173,158,128,43,14,12,24,19,16,16,7,13,14,8,13,181,314,341,328,255,300,232,250,254,212
Engineering Administration,1,3,1,3,1,0,3,0,22,26,20,21,15,17,16,36,15,24,18,0,20,24,10,0,0,0,3,24,22,22,14,15,34,20,22,1,20,22,24,18,28,28,25,13,4,4,1,3,1,2,2,2,2,3,1,2,17,30,26,44,30,26,28,29,34,24
Engineering Courses,1,0,0,1,0,0,7,7,55,69,65,70,37,45,66,67,57,67,58,0,54,62,30,1,0,1,3,33,38,45,36,52,51,56,47,2,48,48,51,54,56,49,55,34,1,2,1,0,0,2,0,2,0,1,3,0,71,88,89,97,85,80,61,70,78,64
English,7,3,6,2,3,3,3,2,38,39,48,54,26,42,52,49,55,45,50,1,57,54,18,0,3,1,0,32,40,40,39,34,57,43,41,0,42,42,42,37,53,56,47,26,3,1,5,2,1,5,0,1,2,0,1,7,32,51,51,45,43,58,40,49,38,55
Entomology,0,0,0,0,1,0,0,0,0,1,0,0,0,0,1,0,0,0,1,0,0,0,0,0,0,0,1,0,0,1,0,0,0,1,0,0,0,0,1,0,0,1,1,0,1,0,0,0,0,0,0,0,0,0,0,0,0,1,0,0,0,0,0,1,0,0
Evolution Ecology Behavior,1,0,0,0,0,0,0,0,1,0,0,0,0,1,0,0,1,0,0,0,0,0,0,0,0,0,1,0,0,0,0,0,0,0,0,0,0,0,0,0,0,0,0,0,0,0,1,0,0,0,0,0,0,0,0,0,0,0,0,0,1,0,0,0,0,0
Finance,4,5,6,4,3,1,1,4,42,182,187,221,165,118,192,200,189,196,164,1,152,171,50,0,2,1,6,150,175,199,167,175,206,189,161,0,170,164,192,175,183,200,176,97,18,10,6,2,2,3,2,3,1,1,5,5,52,179,243,237,268,240,189,225,220,177
Fine & Applied Arts Admin,0,0,0,0,0,0,0,0,0,4,2,3,0,4,4,5,5,7,3,0,5,4,4,0,0,0,1,5,5,5,9,6,5,8,5,0,2,4,5,6,7,5,3,1,0,0,0,1,0,0,0,0,0,0,0,0,5,3,7,5,6,6,3,6,4,5
Fine & Applied Arts Courses,1,1,1,1,3,1,1,3,9,74,73,74,63,61,73,73,74,70,66,1,69,65,17,0,0,0,2,73,81,80,77,79,79,79,76,0,75,78,76,82,80,81,76,24,26,1,0,0,0,2,0,3,1,1,0,0,9,73,72,77,74,75,78,77,73,75
Food Science & Human Nutrition,7,3,4,2,3,6,4,5,25,46,32,67,34,25,60,60,56,42,46,3,69,47,15,0,2,1,5,30,31,32,34,34,42,38,40,2,31,39,44,33,45,40,40,30,5,5,6,4,4,3,3,5,2,1,4,3,32,72,68,76,63,73,62,67,62,53
French and Italian,0,0,0,0,1,0,0,0,1,3,2,3,4,1,2,3,1,1,2,0,2,3,0,0,0,0,0,1,1,2,1,1,2,5,1,0,0,0,1,0,4,3,2,2,1,0,0,0,0,0,0,0,0,0,0,0,2,3,3,1,4,1,2,1,2,2
Gender and Women's Studies,0,1,0,1,0,0,0,0,4,2,5,4,5,3,4,3,4,6,8,0,8,6,2,0,0,0,0,1,5,4,4,3,5,5,2,0,3,3,5,2,5,7,5,4,1,0,1,0,0,0,0,0,0,0,0,0,0,2,0,2,1,1,0,1,0,1
Geography & GIS,3,1,1,1,1,2,0,1,3,12,9,11,3,13,10,12,3,15,9,0,10,7,4,0,0,1,2,4,9,14,7,8,13,10,11,1,10,11,11,17,16,14,12,12,2,1,1,1,1,0,2,1,2,1,0,0,6,6,11,19,11,15,18,14,14,14
Germanic Languages & Lit,0,0,0,1,0,0,1,0,2,1,1,1,0,2,1,1,2,2,0,0,0,0,0,0,0,0,0,1,2,2,0,1,1,2,0,1,1,0,1,0,0,0,0,1,0,0,0,0,1,0,0,0,0,0,0,0,0,0,0,0,0,0,0,0,0,0
Global Studies Prog & Courses,0,0,0,0,0,0,0,1,6,11,10,17,10,9,20,13,12,15,9,0,13,16,1,0,0,1,0,9,12,11,8,7,8,10,8,0,12,7,14,8,10,13,15,7,1,0,0,0,0,1,0,0,0,0,0,0,9,18,22,25,17,17,20,19,19,18
Graduate Admin,2,0,0,0,0,0,0,2,0,2,0,2,0,0,5,1,2,2,2,0,1,1,0,0,0,0,0,0,0,0,1,0,1,1,1,0,1,2,3,1,1,0,0,0,0,1,1,0,1,0,0,1,0,0,0,0,1,3,1,0,1,2,1,2,1,2
Health and Kinesiology,13,13,9,6,9,14,7,8,99,249,245,334,116,155,303,263,295,260,251,3,237,240,100,1,2,7,24,165,213,220,194,213,282,221,227,2,216,199,229,273,290,244,277,104,16,14,10,22,13,12,10,11,9,10,11,12,118,278,311,346,272,268,285,288,268,237
History,3,2,1,4,3,2,2,2,27,45,41,46,18,39,45,54,48,44,52,3,42,38,14,0,0,0,2,30,33,34,42,35,33,37,45,1,30,35,36,29,38,35,40,17,6,1,2,1,2,3,2,1,1,1,0,1,19,46,42,54,42,60,38,50,44,38
Human Dvlpmt & Family Studies,1,2,1,3,2,2,0,1,11,20,18,25,12,11,26,21,19,28,20,0,20,17,12,1,1,0,1,16,26,18,22,21,32,17,20,0,18,18,27,25,22,20,26,7,3,1,0,2,1,0,2,5,2,1,1,0,14,15,22,24,20,24,27,19,24,14
Illinois Informatics Institute,4,3,4,4,1,3,1,2,1,3,7,8,4,4,6,3,10,5,4,0,7,9,2,0,0,1,0,2,5,4,3,4,7,7,6,1,5,5,4,5,7,4,7,0,2,1,3,1,1,1,0,0,0,0,2,3,1,6,7,8,4,8,6,3,5,3
Industrial&Enterprise Sys Eng,5,4,4,2,1,0,1,1,42,91,88,84,73,51,89,89,80,87,78,2,79,69,42,1,2,0,10,54,76,98,60,76,78,85,72,4,61,72,66,83,91,92,93,44,7,10,5,4,4,6,4,4,4,4,3,2,70,114,130,134,139,131,123,125,124,119
Information Sciences,15,11,8,11,10,11,9,15,84,166,170,160,115,119,174,174,187,209,160,7,155,160,49,4,5,3,12,129,159,186,229,164,201,172,170,4,150,158,155,211,175,171,167,85,22,22,9,14,6,6,8,6,8,7,6,9,88,184,163,217,172,201,173,177,196,154
Inst of Communications Rsch,0,0,0,0,2,0,0,0,0,3,0,2,0,0,1,0,1,1,0,1,1,2,0,0,0,0,0,3,2,3,3,2,3,2,2,0,2,2,2,2,3,3,2,1,0,0,1,0,0,1,1,1,1,1,2,1,3,2,3,3,7,1,0,1,1,0
Journalism,1,1,1,2,2,0,0,1,12,19,31,34,17,28,24,32,31,31,27,1,31,16,5,0,0,0,5,9,20,18,19,23,27,25,19,0,25,21,24,26,30,33,23,8,0,1,2,1,0,0,1,1,0,0,2,1,19,27,30,33,27,27,32,32,23,22
LAS Administration,6,4,3,4,2,2,1,1,44,96,83,102,45,66,106,96,83,94,82,2,81,80,39,0,0,0,1,59,59,72,60,61,90,81,72,2,68,66,71,64,72,78,79,50,2,4,5,7,3,6,4,1,2,1,3,4,65,108,112,106,103,110,98,94,95,79
Landscape Architecture,1,1,1,1,0,0,1,0,3,29,27,33,9,12,27,12,18,18,9,1,11,9,9,0,0,0,0,7,18,40,13,12,20,19,8,1,10,11,19,18,19,22,22,6,0,1,1,4,0,1,1,0,0,0,1,0,16,25,29,47,22,33,40,30,19,28
Latin American & Carib Studies,0,0,0,0,0,0,0,0,1,0,0,1,0,1,0,0,0,2,0,0,0,0,0,0,0,0,0,0,0,0,0,1,0,0,0,0,0,0,0,0,1,0,1,1,0,1,0,0,0,0,0,0,0,0,0,0,1,1,2,0,0,1,1,0,1,1
Latina/Latino Studies,0,0,0,0,0,0,0,0,1,1,0,1,0,1,3,1,1,3,3,0,3,2,0,0,0,0,2,0,4,0,3,0,4,3,2,0,3,3,1,5,5,4,4,1,0,1,2,0,0,0,0,0,0,0,0,0,0,1,0,2,0,4,1,2,0,0
Law,8,8,12,12,9,3,13,12,41,107,93,97,26,77,122,129,108,119,106,6,96,71,50,2,2,1,5,84,92,62,64,84,91,80,95,11,67,83,77,91,87,82,61,56,14,6,5,5,2,1,2,3,2,3,22,29,42,103,103,147,117,122,112,122,106,105
Liberal Arts & Sciences,0,0,0,0,0,0,0,0,0,0,0,0,0,0,0,0,0,0,0,0,0,0,0,0,0,0,0,0,0,0,0,0,0,0,0,0,0,0,0,0,0,0,0,0,0,0,0,0,0,0,0,0,0,0,0,0,0,0,0,0,0,0,0,1,0,0
Life Sciences,1,1,2,1,0,0,0,0,47,71,99,120,43,63,96,93,96,88,86,3,95,102,60,0,1,0,1,60,66,80,65,68,78,77,67,0,70,66,77,71,71,83,87,70,0,1,0,0,0,2,0,0,1,2,0,2,97,123,154,136,113,129,120,112,110,112
Linguistics,3,1,3,1,3,1,1,0,14,18,17,23,12,9,27,26,23,22,19,0,26,26,10,0,0,0,2,11,21,18,23,18,27,19,23,0,18,18,21,21,32,22,29,12,3,1,0,3,2,2,2,2,0,2,1,0,6,20,25,27,27,26,21,23,26,19
Materials Science & Engineerng,6,4,5,4,3,4,3,4,14,25,42,41,17,24,35,36,31,37,23,4,30,28,14,2,0,0,6,22,33,33,24,29,31,33,29,4,25,30,37,27,33,26,23,25,5,4,2,5,6,5,7,2,4,6,1,2,49,71,67,64,53,56,53,66,40,50
Mathematics,6,9,6,11,3,6,5,6,49,128,124,144,71,78,127,107,102,119,101,5,86,90,49,0,2,2,5,86,100,114,92,102,124,102,115,3,103,115,97,97,108,112,109,71,12,11,9,5,5,7,5,5,2,4,0,3,66,141,139,154,147,147,144,147,152,148
Mechanical Sci & Engineering,32,26,17,20,10,13,10,8,87,191,199,183,99,116,200,182,180,197,179,9,160,133,69,2,0,1,14,140,216,256,207,197,232,254,219,6,198,237,184,207,201,197,195,90,18,21,21,15,8,18,20,10,9,11,8,4,125,216,213,236,257,240,199,223,216,196
Media and Cinema Studies,1,2,2,2,1,1,0,1,12,11,16,19,11,12,20,23,15,17,16,1,17,14,3,2,1,0,1,11,17,23,25,23,28,22,21,0,17,26,24,27,22,22,22,7,0,0,0,1,0,0,0,2,0,0,2,0,8,25,21,29,22,16,26,22,29,21
Microbiology,1,1,1,0,2,1,1,1,0,2,2,0,0,0,2,2,0,0,0,0,0,1,0,0,1,1,0,0,1,0,0,1,1,0,3,0,0,3,0,0,1,0,0,1,0,1,1,1,0,0,0,0,0,1,0,0,2,0,0,1,1,2,2,0,0,1
Molecular & Integrative Physl,0,1,1,0,1,0,1,1,1,1,1,1,0,0,0,0,0,0,0,0,0,0,0,0,0,0,0,0,0,0,1,0,0,0,0,0,2,0,0,0,0,0,1,0,0,0,2,1,1,0,1,0,0,0,1,1,0,1,0,2,1,2,2,0,1,2
Music,0,0,4,2,3,2,1,0,37,44,43,54,23,48,47,54,36,56,33,2,47,35,29,2,0,1,3,29,35,46,25,38,68,30,37,0,36,33,38,48,37,56,43,25,3,1,5,2,3,1,1,4,2,0,2,1,57,83,57,101,49,86,43,70,45,62
Natural Res & Env Sci,1,1,1,1,1,1,1,4,24,39,51,59,30,39,61,52,42,56,51,0,75,49,18,0,0,1,2,27,42,43,37,40,56,54,57,1,41,50,46,40,50,53,51,34,5,1,6,3,5,3,1,3,0,0,3,1,27,59,50,56,43,64,53,45,50,48
Neuroscience Program,1,0,0,0,0,0,0,0,0,0,1,1,0,0,1,2,0,0,1,0,0,0,1,0,0,0,1,0,0,0,0,0,0,0,0,1,0,0,1,1,1,0,1,0,0,0,1,1,0,0,1,0,0,0,2,0,0,2,2,1,1,2,0,0,0,0
"Nuclear, Plasma, & Rad Engr",1,0,0,1,1,0,0,0,13,13,16,14,7,6,10,16,13,12,13,1,10,11,7,0,0,0,1,10,12,13,10,14,19,19,16,0,16,9,19,11,10,13,17,13,1,1,1,0,1,3,0,2,1,2,1,0,13,19,22,23,21,26,21,23,22,18
Nutritional Sciences,0,1,0,0,0,1,1,2,0,0,0,3,0,0,1,1,1,3,1,1,1,0,1,0,0,0,1,1,1,1,1,1,1,1,2,1,2,0,1,2,2,1,2,0,4,3,2,1,3,2,3,0,1,1,1,0,1,1,1,2,1,1,2,1,1,2
Office of the Registrar,0,0,0,1,2,1,1,0,2,1,6,10,1,2,4,5,10,8,4,0,9,4,1,0,0,0,0,3,3,5,4,7,7,8,5,1,6,5,6,7,6,7,10,4,4,4,3,2,4,6,5,1,5,1,3,4,5,6,12,11,9,14,9,11,11,14
Pathobiology,0,0,0,0,0,0,0,0,0,0,1,0,1,2,2,2,1,0,0,0,0,0,0,0,0,0,1,0,0,1,0,0,0,0,1,0,0,4,0,2,4,0,1,1,0,0,1,0,1,1,0,0,1,0,0,0,1,0,2,2,0,0,2,1,1,0
Philosophy,2,2,1,2,1,1,1,2,12,23,19,24,16,21,30,20,33,26,21,1,29,19,10,1,1,1,4,18,18,17,15,21,21,19,20,0,26,22,14,19,20,27,26,15,2,1,2,4,2,3,0,3,3,3,0,0,14,31,27,33,30,30,31,33,30,27
Physics,10,13,9,7,5,5,6,3,55,75,87,81,35,45,74,73,62,73,60,1,65,47,36,0,0,1,3,45,51,54,38,50,67,51,46,0,58,57,55,56,56,76,60,38,15,7,11,5,3,5,7,8,7,5,7,3,59,106,100,100,91,95,82,91,91,85
Plant Biology,1,1,1,1,0,0,0,1,1,1,1,2,0,0,0,1,2,1,0,0,1,2,0,0,0,0,0,0,1,0,1,0,1,0,1,0,0,0,0,0,2,1,2,0,1,0,2,1,1,1,1,1,1,1,1,0,0,1,2,2,1,1,1,1,1,2
Political Science,4,4,5,0,6,1,4,6,56,120,125,153,84,104,183,163,160,195,159,2,171,144,47,2,1,0,7,107,158,155,133,158,161,156,146,1,141,137,157,150,167,184,157,84,9,7,5,4,4,3,3,3,3,1,1,2,65,153,155,201,153,178,144,171,152,152
Psychology,18,12,9,10,7,10,7,7,116,198,221,260,141,186,285,261,242,252,248,7,265,222,77,1,2,2,12,159,221,227,217,218,290,254,251,3,208,224,275,281,288,307,292,153,22,14,11,10,12,11,12,8,9,5,8,6,146,266,311,300,241,322,275,302,291,255
"Recreation, Sport and Tourism",10,7,10,11,4,1,6,3,23,129,123,122,96,61,146,130,123,135,133,6,110,112,14,0,2,7,13,82,95,94,84,91,92,90,94,4,75,86,86,60,96,95,88,14,5,0,2,4,3,6,4,8,4,3,4,4,19,123,108,116,117,130,90,113,117,114
Religion,0,0,0,0,0,0,0,0,0,1,0,0,1,0,0,0,0,0,0,0,0,0,0,0,0,0,0,0,0,0,0,0,0,0,0,0,0,0,0,0,0,0,0,0,0,0,0,0,0,0,0,0,0,0,0,0,0,0,0,1,1,1,1,0,0,0
"Russian,E European,Eurasn Ctr",0,1,0,0,0,0,0,0,0,1,0,1,0,0,1,1,1,1,2,0,1,0,0,0,0,0,0,0,0,1,0,0,4,1,1,0,0,0,0,1,0,0,0,0,0,0,0,0,0,0,0,0,0,0,0,0,0,0,0,1,0,1,1,2,1,1
"Sch Earth, Soc, Environ Admin",0,1,0,0,0,0,0,0,10,18,24,21,11,14,26,28,30,28,19,0,35,20,12,1,0,0,0,20,19,18,18,18,26,22,25,0,13,14,27,21,26,27,29,16,0,2,0,3,0,1,0,1,2,1,1,0,8,19,17,30,21,32,27,27,23,21
School of Integrative Biology,4,5,5,5,4,1,0,3,10,28,38,58,20,26,35,45,52,40,45,2,52,48,8,1,0,0,2,29,43,50,37,50,61,49,50,2,39,38,54,52,73,58,60,31,6,2,6,3,5,1,2,4,2,2,1,2,21,40,59,59,44,62,37,59,49,42
School of Labor & Empl. Rel.,1,1,0,0,0,2,0,0,4,5,6,8,5,1,8,3,7,5,4,1,6,4,1,0,0,1,1,2,3,3,2,3,3,5,6,0,2,3,5,8,5,8,4,5,1,1,0,2,0,1,2,0,3,0,1,4,1,9,4,14,5,4,6,10,5,3
School of Molecular & Cell Bio,3,3,5,5,4,1,6,2,42,63,85,143,51,70,93,102,88,85,73,1,87,89,62,0,1,0,4,46,68,91,67,79,102,82,76,1,82,89,90,98,122,106,131,83,4,8,1,9,7,4,4,9,4,2,3,7,54,104,184,153,96,119,112,119,109,105
School of Social Work,1,2,2,5,0,1,1,1,14,24,16,31,10,14,27,36,27,29,32,1,32,24,6,1,1,2,2,14,17,23,12,20,41,25,25,1,23,27,24,23,37,29,30,14,0,3,3,3,3,2,4,2,2,3,1,2,23,36,41,45,39,44,41,39,39,29
Siebel Computing &DataScience,23,23,21,0,0,0,0,0,0,0,0,0,0,0,0,0,0,0,0,0,0,0,0,0,0,0,0,0,0,0,0,0,0,0,0,0,0,0,0,0,0,0,0,0,0,0,0,0,0,0,0,0,0,0,0,0,0,0,0,0,0,0,0,0,0,0
Siebel School Comp & Data Sci,0,0,0,22,16,9,15,10,87,175,254,230,145,115,213,211,201,229,156,13,190,127,77,6,4,6,30,123,138,212,147,154,187,145,177,8,139,202,182,190,201,183,191,114,35,20,16,10,8,14,15,7,10,4,7,7,117,204,199,223,199,212,177,197,170,152
Slavic Languages & Literature,0,0,0,0,0,0,0,0,0,1,1,0,0,0,0,2,0,0,0,0,2,0,0,0,0,0,1,1,1,0,0,0,4,0,0,0,1,2,1,2,2,2,1,1,0,0,0,0,0,0,0,0,0,0,0,0,1,1,1,0,0,1,1,0,1,1
Sociology,2,3,2,2,2,2,0,2,19,35,26,41,20,30,38,38,36,41,35,0,39,22,10,0,1,0,0,21,31,32,16,31,35,35,29,0,33,36,40,27,33,40,34,15,2,6,2,1,2,2,2,0,0,2,2,2,17,26,24,29,18,29,27,28,30,18
Spanish and Portuguese,1,1,0,0,2,0,0,0,9,15,8,16,5,4,15,15,15,21,16,0,15,14,5,0,0,0,1,6,10,9,11,16,11,12,16,0,14,11,16,15,13,17,17,9,4,1,3,1,0,0,0,0,1,0,1,0,9,24,22,28,25,22,26,20,24,27
Special Education,0,0,1,0,0,0,1,0,6,16,13,23,9,9,15,19,13,11,12,0,16,11,1,0,0,0,0,9,19,19,12,11,14,17,15,1,11,16,13,13,24,15,22,10,0,0,0,0,0,1,0,0,0,0,1,3,3,20,19,17,16,24,16,19,15,14
Speech & Hearing Science,2,1,0,0,2,2,1,2,17,36,30,32,14,19,31,41,28,31,34,1,25,29,15,0,0,1,2,16,28,18,21,26,29,18,25,0,22,23,23,25,29,34,46,9,2,3,3,4,4,2,4,1,2,1,4,1,22,52,49,55,45,53,45,47,40,35
Statistics,10,8,3,7,7,7,5,7,28,94,108,101,63,62,104,99,97,89,79,6,84,92,35,4,4,2,10,64,75,115,87,87,103,82,81,5,85,92,87,93,94,97,89,53,18,13,9,10,6,6,7,4,4,3,3,8,49,106,115,124,112,118,102,96,108,110
Technology Entrepreneur Ctr,1,2,0,1,1,0,0,0,0,5,6,5,4,8,5,5,4,9,6,0,8,9,0,0,0,0,0,1,3,2,2,2,1,5,5,0,1,3,5,3,5,4,5,3,0,0,1,0,0,0,1,0,0,0,0,0,2,7,10,4,5,6,7,5,5,3
Theatre,4,1,1,0,2,1,1,2,22,11,14,16,8,11,21,13,19,11,18,1,12,14,6,1,0,0,1,9,20,13,20,13,14,14,14,0,20,22,27,24,19,28,40,6,2,2,4,0,0,1,0,2,0,0,0,1,16,22,16,21,17,26,18,47,21,18
Translation & Interpreting St,0,0,0,0,0,0,0,0,0,0,0,1,0,0,0,0,1,0,0,0,0,0,0,0,0,0,0,0,0,0,0,0,0,0,0,0,0,0,0,0,0,0,0,0,0,0,0,0,0,0,0,0,0,0,0,1,0,0,0,0,0,0,0,0,0,0
Undergraduate Admissions,5,7,4,11,1,0,0,0,0,0,0,0,0,1,2,1,1,0,1,0,1,1,0,0,0,0,0,0,0,0,0,1,0,0,0,0,0,2,1,1,0,0,0,0,0,0,11,2,0,0,4,1,1,0,0,0,0,0,0,0,0,0,0,0,0,0
Urban & Regional Planning,0,1,0,1,0,0,1,1,15,22,39,36,18,19,36,38,34,31,31,0,36,22,7,0,0,0,3,28,37,54,33,40,49,36,32,1,27,33,41,36,44,45,35,14,2,1,0,1,0,0,1,2,0,1,1,1,17,32,43,37,31,34,36,36,32,35
Vet Clinical Medicine,0,0,0,0,0,0,0,0,0,0,0,0,0,1,0,0,1,0,0,0,0,0,0,0,0,0,0,0,0,0,0,0,0,0,0,0,0,0,0,0,0,0,0,0,0,0,0,0,0,0,0,0,0,0,0,0,0,0,0,0,0,0,0,0,0,0
Vet Medicine Administration,1,0,1,1,1,0,0,0,1,3,1,4,0,2,6,0,2,4,3,0,1,1,0,0,0,0,0,0,3,2,0,1,2,1,1,0,1,1,0,1,8,2,0,1,1,1,0,0,0,0,0,2,0,0,0,2,0,2,3,2,2,4,5,3,2,3